{
  "advancedversion" : false,
  "comment" : "",
  "createDate" : "2023-12-18T10:20:47.000Z",
  "createdBy" : "Admin",
  "dataID" : 229281,
  "nodeName" : "README.md",
  "owner" : "Admin",
  "subtype" : 144,
  "versions" : [ {
    "created" : "2023-12-18T10:20:47.000Z",
    "filename" : "README.md",
    "mimetype" : "text/plain",
    "modified" : "2023-12-18T10:20:47.000Z",
    "modifiedBy" : "Admin",
    "vermajor" : null,
    "verminor" : null,
    "vernum" : 1
  }, {
    "created" : "2023-12-18T10:21:05.000Z",
    "filename" : "README.md",
    "mimetype" : "text/plain",
    "modified" : "2023-12-18T10:21:05.000Z",
    "modifiedBy" : "Admin",
    "vermajor" : null,
    "verminor" : null,
    "vernum" : 2
  }, {
    "created" : "2023-12-18T10:21:22.000Z",
    "filename" : "requirements.txt",
    "mimetype" : "text/plain",
    "modified" : "2023-12-18T10:21:22.000Z",
    "modifiedBy" : "Admin",
    "vermajor" : null,
    "verminor" : null,
    "vernum" : 3
  }, {
    "created" : "2023-12-18T10:21:41.000Z",
    "filename" : "anglais, preparing a meetup, written part, brainstorming.pdf",
    "mimetype" : "application/pdf",
    "modified" : "2023-12-18T10:21:41.000Z",
    "modifiedBy" : "Admin",
    "vermajor" : null,
    "verminor" : null,
    "vernum" : 4
  }, {
    "created" : "2023-12-18T10:22:05.000Z",
    "filename" : "test.py",
    "mimetype" : "text/x-python",
    "modified" : "2023-12-18T10:22:05.000Z",
    "modifiedBy" : "Admin",
    "vermajor" : null,
    "verminor" : null,
    "vernum" : 5
  } ]
}