<?xml version="1.0"?>
<pnp:Provisioning xmlns:pnp="http://schemas.dev.office.com/PnP/2020/02/ProvisioningSchema">
  <pnp:Preferences Generator="OfficeDevPnP.Core, Version=3.28.2012.0, Culture=neutral, PublicKeyToken=5e633289e95c321a" />
  <pnp:Templates ID="CONTAINER-TEMPLATE-64BDC13D3D72409EA652E59636B816A6">
    <pnp:ProvisioningTemplate ID="TEMPLATE-64BDC13D3D72409EA652E59636B816A6" Version="1" BaseSiteTemplate="STS#3" Scope="RootSite">
      <pnp:WebSettings RequestAccessEmail="someone@example.com" NoCrawl="false" WelcomePage="SitePages/Home.aspx" SiteLogo="" AlternateCSS="" MasterPageUrl="{masterpagecatalog}/seattle.master" CustomMasterPageUrl="{masterpagecatalog}/seattle.master" CommentsOnSitePagesDisabled="false" QuickLaunchEnabled="true" MembersCanShare="true" SearchScope="DefaultScope" SearchBoxInNavBar="Inherit" />
      <pnp:RegionalSettings AdjustHijriDays="0" AlternateCalendarType="None" CalendarType="Gregorian" Collation="12" FirstDayOfWeek="Monday" FirstWeekOfYear="0" LocaleId="1036" ShowWeeks="false" Time24="true" TimeZone="3" WorkDayEndHour="5:00PM" WorkDays="62" WorkDayStartHour="8:00AM" />
      <pnp:SupportedUILanguages>
        <pnp:SupportedUILanguage LCID="1036" />
        <pnp:SupportedUILanguage LCID="1033" />
      </pnp:SupportedUILanguages>
      <pnp:PropertyBagEntries>
        <pnp:PropertyBagEntry Key="mossMDNHints_44ea5cf5-c655-4fba-a29f-84264c1d1cd4" Value="4" Overwrite="false" />
        <pnp:PropertyBagEntry Key="SiteCollectionGroupIdd468d2bd-a911-4f71-9b18-fde98568ccb7" Value="e3d8ccc2-9cfc-4202-a1a2-4b10a4d2699f" Overwrite="false" />
      </pnp:PropertyBagEntries>
      <pnp:Security AssociatedOwnerGroup="Propriétaires de {groupsitetitle}" AssociatedMemberGroup="{groupsitetitle} - Membres" AssociatedVisitorGroup="{groupsitetitle} - Visiteurs">
        <pnp:AdditionalOwners>
          <pnp:User Name="i:0#.w|zeus\a0007572-r" />
          <pnp:User Name="i:0#.w|zeus\s0133348" />
          <pnp:User Name="i:0#.w|zeus\svc_sp_p_08" />
        </pnp:AdditionalOwners>
        <pnp:AdditionalMembers>
          <pnp:User Name="i:0#.w|zeus\s0132672" />
        </pnp:AdditionalMembers>
        <pnp:Permissions>
          <pnp:RoleAssignments>
            <pnp:RoleAssignment Principal="i:0#.w|zeus\a0007572-r" RoleDefinition="{roledefinition:Administrator}" />
          </pnp:RoleAssignments>
        </pnp:Permissions>
      </pnp:Security>
      <pnp:Navigation AddNewPagesToNavigation="true" CreateFriendlyUrlsForNewPages="true">
        <pnp:GlobalNavigation NavigationType="Structural">
          <pnp:StructuralNavigation RemoveExistingNodes="false" />
        </pnp:GlobalNavigation>
        <pnp:CurrentNavigation NavigationType="StructuralLocal">
          <pnp:StructuralNavigation RemoveExistingNodes="false">
            <pnp:NavigationNode Title="Accueil" Url="{site}" />
            <pnp:NavigationNode Title="Documents" Url="{site}/Documents partages/Forms/AllItems.aspx" />
            <pnp:NavigationNode Title="Pages" Url="{site}/SitePages/Forms/ByAuthor.aspx" />
            <pnp:NavigationNode Title="Récents" Url="" IsExternal="true">
              <pnp:NavigationNode Title="Identity Card" Url="{site}/Lists/Identity Card/AllItems.aspx" />
            </pnp:NavigationNode>
            <pnp:NavigationNode Title="Contenu du site" Url="{site}/_layouts/15/viewlsts.aspx" IsExternal="true" />
          </pnp:StructuralNavigation>
        </pnp:CurrentNavigation>
      </pnp:Navigation>
      <pnp:SiteFields>
        <Field Type="Note" DisplayName="TTOL_Author_Test_0" StaticName="d52a2e25ce8b463da2b9777d85db6284" Name="d52a2e25ce8b463da2b9777d85db6284" ID="{bacbfc96-e08b-4cf1-9b77-3599b37e4bf5}" ShowInViewForms="FALSE" Required="FALSE" Hidden="TRUE" CanToggleHidden="TRUE" SourceID="{576d3a03-e793-46b0-9187-bcb045ca5c4c}" />
        <Field Type="Choice" DisplayName="TTOL_Confidentiality" Required="FALSE" EnforceUniqueValues="FALSE" Indexed="FALSE" Format="Dropdown" FillInChoice="FALSE" Group="Custom Columns" ID="{1c1f9a06-6318-4485-a393-1a5a8f8ae176}" SourceID="{576d3a03-e793-46b0-9187-bcb045ca5c4c}" StaticName="TTOL_Confidentiality" Name="TTOL_Confidentiality" CustomFormatter="">
          <Default>Open</Default>
          <CHOICES>
            <CHOICE>Open</CHOICE>
            <CHOICE>Thales Group Limited Distribution</CHOICE>
            <CHOICE>Thales Group Confidential</CHOICE>
          </CHOICES>
        </Field>
        <Field Type="Choice" DisplayName="TTOL_Status" Required="FALSE" EnforceUniqueValues="FALSE" Indexed="FALSE" Format="Dropdown" FillInChoice="FALSE" Group="Custom Columns" ID="{dd6a301e-ea4a-49ca-9b79-8ebaf4f93fd7}" SourceID="{576d3a03-e793-46b0-9187-bcb045ca5c4c}" StaticName="TTOL_Status" Name="TTOL_Status" CustomFormatter="">
          <Default>Not managed</Default>
          <CHOICES>
            <CHOICE>Not managed</CHOICE>
            <CHOICE>Planned</CHOICE>
            <CHOICE>Draft</CHOICE>
            <CHOICE>In Review</CHOICE>
            <CHOICE>Verified</CHOICE>
            <CHOICE>Approved</CHOICE>
            <CHOICE>Obsolete</CHOICE>
          </CHOICES>
        </Field>
        <Field Type="Text" DisplayName="TTOL_EnterpriseCode" Required="FALSE" EnforceUniqueValues="FALSE" Indexed="FALSE" MaxLength="255" Group="Colonnes personnalisées" ID="{633c5920-302f-4d46-963e-dc4bcbb4e282}" SourceID="{576d3a03-e793-46b0-9187-bcb045ca5c4c}" StaticName="TTOL_EnterpriseCode" Name="TTOL_EnterpriseCode">
        </Field>
        <Field Type="DateTime" DisplayName="Créé" Required="FALSE" EnforceUniqueValues="FALSE" Indexed="FALSE" Format="DateOnly" Group="Custom Columns" FriendlyDisplayFormat="Disabled" ID="{9732fd22-84b9-4f48-af97-849678d9f092}" SourceID="{576d3a03-e793-46b0-9187-bcb045ca5c4c}" StaticName="Créé" Name="Créé">
        </Field>
        <Field Type="TaxonomyFieldType" DisplayName="TTOL_Author_Test" List="{{listid:TaxonomyHiddenList}}" WebId="{siteid}" ShowField="Term1036" Required="FALSE" EnforceUniqueValues="FALSE" Group="Colonnes personnalisées" ID="{d52a2e25-ce8b-463d-a2b9-777d85db6284}" SourceID="{{siteid}}" StaticName="TTOL_Author_Test" Name="TTOL_Author_Test">
          <Default>
          </Default>
          <Customization>
            <ArrayOfProperty>
              <Property>
                <Name>SspId</Name>
                <Value xmlns:q1="http://www.w3.org/2001/XMLSchema" p4:type="q1:string" xmlns:p4="http://www.w3.org/2001/XMLSchema-instance">{sitecollectiontermstoreid}</Value>
              </Property>
              <Property>
                <Name>GroupId</Name>
              </Property>
              <Property>
                <Name>TermSetId</Name>
                <Value xmlns:q2="http://www.w3.org/2001/XMLSchema" p4:type="q2:string" xmlns:p4="http://www.w3.org/2001/XMLSchema-instance">{termsetid:{sitecollectiontermgroupname}:TTOL_Author_Test}</Value>
              </Property>
              <Property>
                <Name>AnchorId</Name>
                <Value xmlns:q3="http://www.w3.org/2001/XMLSchema" p4:type="q3:string" xmlns:p4="http://www.w3.org/2001/XMLSchema-instance">00000000-0000-0000-0000-000000000000</Value>
              </Property>
              <Property>
                <Name>UserCreated</Name>
                <Value xmlns:q4="http://www.w3.org/2001/XMLSchema" p4:type="q4:boolean" xmlns:p4="http://www.w3.org/2001/XMLSchema-instance">true</Value>
              </Property>
              <Property>
                <Name>Open</Name>
                <Value xmlns:q5="http://www.w3.org/2001/XMLSchema" p4:type="q5:boolean" xmlns:p4="http://www.w3.org/2001/XMLSchema-instance">true</Value>
              </Property>
              <Property>
                <Name>TextField</Name>
                <Value xmlns:q6="http://www.w3.org/2001/XMLSchema" p4:type="q6:string" xmlns:p4="http://www.w3.org/2001/XMLSchema-instance">{bacbfc96-e08b-4cf1-9b77-3599b37e4bf5}</Value>
              </Property>
              <Property>
                <Name>IsPathRendered</Name>
                <Value xmlns:q7="http://www.w3.org/2001/XMLSchema" p4:type="q7:boolean" xmlns:p4="http://www.w3.org/2001/XMLSchema-instance">false</Value>
              </Property>
              <Property>
                <Name>IsKeyword</Name>
                <Value xmlns:q8="http://www.w3.org/2001/XMLSchema" p4:type="q8:boolean" xmlns:p4="http://www.w3.org/2001/XMLSchema-instance">false</Value>
              </Property>
              <Property>
                <Name>TargetTemplate</Name>
              </Property>
              <Property>
                <Name>CreateValuesInEditForm</Name>
                <Value xmlns:q9="http://www.w3.org/2001/XMLSchema" p4:type="q9:boolean" xmlns:p4="http://www.w3.org/2001/XMLSchema-instance">false</Value>
              </Property>
              <Property>
                <Name>FilterAssemblyStrongName</Name>
                <Value xmlns:q10="http://www.w3.org/2001/XMLSchema" p4:type="q10:string" xmlns:p4="http://www.w3.org/2001/XMLSchema-instance">Microsoft.SharePoint.Taxonomy, Version=16.0.0.0, Culture=neutral, PublicKeyToken=71e9bce111e9429c</Value>
              </Property>
              <Property>
                <Name>FilterClassName</Name>
                <Value xmlns:q11="http://www.w3.org/2001/XMLSchema" p4:type="q11:string" xmlns:p4="http://www.w3.org/2001/XMLSchema-instance">Microsoft.SharePoint.Taxonomy.TaxonomyField</Value>
              </Property>
              <Property>
                <Name>FilterMethodName</Name>
                <Value xmlns:q12="http://www.w3.org/2001/XMLSchema" p4:type="q12:string" xmlns:p4="http://www.w3.org/2001/XMLSchema-instance">GetFilteringHtml</Value>
              </Property>
              <Property>
                <Name>FilterJavascriptProperty</Name>
                <Value xmlns:q13="http://www.w3.org/2001/XMLSchema" p4:type="q13:string" xmlns:p4="http://www.w3.org/2001/XMLSchema-instance">FilteringJavascript</Value>
              </Property>
            </ArrayOfProperty>
          </Customization>
        </Field>
        <Field Type="Text" DisplayName="ETOL_COMID" Required="FALSE" EnforceUniqueValues="FALSE" Indexed="FALSE" MaxLength="255" Group="Custom Columns" ID="{e843f32b-8d47-4b1c-8e08-06a0f1115f06}" SourceID="{576d3a03-e793-46b0-9187-bcb045ca5c4c}" StaticName="ETOL_COMID" Name="ETOL_COMID" CustomFormatter="">
        </Field>
        <Field Type="Text" DisplayName="TTOL_Revision" Required="FALSE" EnforceUniqueValues="FALSE" Indexed="FALSE" MaxLength="255" Group="Colonnes personnalisées" ID="{289ffd2e-3468-4ede-8e05-609ef8e9d287}" SourceID="{576d3a03-e793-46b0-9187-bcb045ca5c4c}" StaticName="TTOL_Revision" Name="TTOL_Revision">
        </Field>
        <Field Type="Text" DisplayName="TTOL_External_Other_Reference" Required="FALSE" EnforceUniqueValues="FALSE" Indexed="FALSE" MaxLength="255" Group="Custom Columns" ID="{e4a8ee40-77d8-4e61-9e6f-17d05d8675fc}" SourceID="{576d3a03-e793-46b0-9187-bcb045ca5c4c}" StaticName="TTOL_External_Other_Reference" Name="TTOL_External_Other_Reference">
        </Field>
        <Field Type="Text" DisplayName="TTOL_Radical" Required="FALSE" EnforceUniqueValues="FALSE" Indexed="FALSE" MaxLength="255" Group="Colonnes personnalisées" ID="{abc7de4d-439a-4969-af36-5a1552068f29}" SourceID="{576d3a03-e793-46b0-9187-bcb045ca5c4c}" StaticName="TTOL_Radical" Name="TTOL_Radical">
        </Field>
        <Field Type="Text" DisplayName="TTOL_Internal_Reference" Required="FALSE" EnforceUniqueValues="FALSE" Indexed="FALSE" MaxLength="255" Group="Custom Columns" ID="{b2de1557-7428-48c0-bd54-9bc28dc77fb2}" SourceID="{576d3a03-e793-46b0-9187-bcb045ca5c4c}" StaticName="TTOL_Internal_Reference" Name="TTOL_Internal_Reference">
        </Field>
        <Field Type="Text" DisplayName="TTOL_CreatedBy" Required="FALSE" EnforceUniqueValues="FALSE" Indexed="FALSE" MaxLength="255" Group="Custom Columns" ID="{6419495d-0a01-4c23-ae99-f64732fb8fbb}" SourceID="{576d3a03-e793-46b0-9187-bcb045ca5c4c}" StaticName="TTOL_CreatedBy" Name="TTOL_CreatedBy">
        </Field>
        <Field Type="Text" DisplayName="TTOL_Owning_Company" Required="FALSE" EnforceUniqueValues="FALSE" Indexed="FALSE" MaxLength="255" Group="Custom Columns" ID="{fd58ec5e-c774-4fa6-81f5-510db6e9b432}" SourceID="{576d3a03-e793-46b0-9187-bcb045ca5c4c}" StaticName="TTOL_Owning_Company" Name="TTOL_Owning_Company">
        </Field>
        <Field Type="Text" DisplayName="TTOL_Icd" Required="FALSE" EnforceUniqueValues="FALSE" Indexed="FALSE" MaxLength="255" Group="Colonnes personnalisées" ID="{a2ba275f-6b03-44c1-a1e8-4889f7d6566c}" SourceID="{576d3a03-e793-46b0-9187-bcb045ca5c4c}" StaticName="TTOL_Icd" Name="TTOL_Icd">
        </Field>
        <Field Type="Text" DisplayName="TTOL_ModifiedBy" Required="FALSE" EnforceUniqueValues="FALSE" Indexed="FALSE" MaxLength="255" Group="Custom Columns" ID="{eb97df80-b311-4afa-803a-8fe880e31e27}" SourceID="{576d3a03-e793-46b0-9187-bcb045ca5c4c}" StaticName="TTOL_ModifiedBy" Name="TTOL_ModifiedBy">
        </Field>
        <Field Type="Text" DisplayName="TTOL_DATAID" Required="FALSE" EnforceUniqueValues="FALSE" Indexed="FALSE" MaxLength="255" Group="Custom Columns" ID="{50fc4f83-4ca2-4dee-8786-4a1316276370}" SourceID="{576d3a03-e793-46b0-9187-bcb045ca5c4c}" StaticName="TTOL_DATAID" Name="TTOL_DATAID">
        </Field>
        <Field Type="Note" DisplayName="Description" Required="FALSE" EnforceUniqueValues="FALSE" Indexed="FALSE" NumLines="6" RichText="TRUE" RichTextMode="FullHtml" IsolateStyles="TRUE" Sortable="FALSE" Group="Custom Columns" ID="{b0d07588-2dd1-49f4-8ba3-63fd14213507}" SourceID="{576d3a03-e793-46b0-9187-bcb045ca5c4c}" StaticName="Description1" Name="Description1" CustomFormatter="" RestrictedMode="TRUE" AppendOnly="FALSE" UnlimitedLengthInDocumentLibrary="FALSE">
        </Field>
        <Field Type="Text" DisplayName="TTOL_OWNER" Required="FALSE" EnforceUniqueValues="FALSE" Indexed="FALSE" MaxLength="255" Group="Custom Columns" ID="{570dc7bf-8fca-43c8-baa5-0240d523ae2c}" SourceID="{576d3a03-e793-46b0-9187-bcb045ca5c4c}" StaticName="TTOL_OWNER" Name="TTOL_OWNER">
        </Field>
        <Field Type="Text" DisplayName="TTOL_Dtc" Required="FALSE" EnforceUniqueValues="FALSE" Indexed="FALSE" MaxLength="255" Group="Colonnes personnalisées" ID="{0fb6b2c2-f28e-404f-b00f-8444b88e89f5}" SourceID="{576d3a03-e793-46b0-9187-bcb045ca5c4c}" StaticName="TTOL_Dtc" Name="TTOL_Dtc">
        </Field>
        <Field Type="User" DisplayName="Créé par" List="UserInfo" Required="FALSE" EnforceUniqueValues="FALSE" ShowField="ImnName" UserSelectionMode="PeopleOnly" UserSelectionScope="0" Group="Custom Columns" ID="{9a67f4c2-d573-43ee-80c2-8b08ffcde0f8}" SourceID="{{siteid}}" StaticName="Créé_x0020_par" Name="Créé_x0020_par" />
        <Field Type="Text" DisplayName="TTOL_Author" Required="FALSE" EnforceUniqueValues="FALSE" Indexed="FALSE" MaxLength="255" Group="Custom Columns" ID="{de3c2fcb-d700-422c-8efc-0fad7577ddf9}" SourceID="{576d3a03-e793-46b0-9187-bcb045ca5c4c}" StaticName="TTOL_Author" Name="TTOL_Author">
        </Field>
        <Field Type="Text" DisplayName="TTOL_Thales_Responsible_Entity" Required="FALSE" EnforceUniqueValues="FALSE" Indexed="FALSE" MaxLength="255" Group="Custom Columns" ID="{986f11e7-ad71-40d7-82ec-b014ab09d522}" SourceID="{576d3a03-e793-46b0-9187-bcb045ca5c4c}" StaticName="TTOL_Thales_Responsible_Entity" Name="TTOL_Thales_Responsible_Entity">
        </Field>
        <Field Type="Text" DisplayName="TTOL_Thales_Group_Sensitivity" Required="FALSE" EnforceUniqueValues="FALSE" Indexed="FALSE" MaxLength="255" Group="Custom Columns" ID="{c251e0fb-4915-4bec-8601-15b0f6e5468d}" SourceID="{576d3a03-e793-46b0-9187-bcb045ca5c4c}" StaticName="TTOL_Thales_Group_Sensitivity" Name="TTOL_Thales_Group_Sensitivity">
        </Field>
      </pnp:SiteFields>
      <pnp:ContentTypes>
        <pnp:ContentType ID="0x010100A1D455A539631B49B552DBA371CCA278" Name="TTOL Files" Description="Crée un document." Group="Document Content Types" NewFormUrl="" EditFormUrl="" DisplayFormUrl="">
          <pnp:FieldRefs>
            <pnp:FieldRef ID="c042a256-787d-4a6f-8a8a-cf6ab767f12d" Name="ContentType" UpdateChildren="true" />
            <pnp:FieldRef ID="5f47e085-2150-41dc-b661-442f3027f552" Name="SelectFilename" UpdateChildren="true" />
            <pnp:FieldRef ID="8553196d-ec8d-4564-9861-3dbe931050c8" Name="FileLeafRef" Required="true" UpdateChildren="true" />
            <pnp:FieldRef ID="8c06beca-0777-48f7-91c7-6da68bc07b69" Name="Created" Hidden="true" UpdateChildren="true" />
            <pnp:FieldRef ID="fa564e0f-0c70-4ab9-b863-0177e6ddd247" Name="Title" UpdateChildren="true" />
            <pnp:FieldRef ID="28cf69c5-fa48-462a-b5cd-27b6f9d2bd5f" Name="Modified" Hidden="true" UpdateChildren="true" />
            <pnp:FieldRef ID="822c78e3-1ea9-4943-b449-57863ad33ca9" Name="Modified_x0020_By" UpdateChildren="true" />
            <pnp:FieldRef ID="4dd7e525-8d6b-4cb4-9d3e-44ee25f973eb" Name="Created_x0020_By" UpdateChildren="true" />
            <pnp:FieldRef ID="52578fc3-1f01-4f4d-b016-94ccbcf428cf" Name="_Comments" UpdateChildren="true" />
            <pnp:FieldRef ID="9f8b4ee0-84b7-42c6-a094-5cbde2115eb9" Name="_DCDateCreated" UpdateChildren="true" />
            <pnp:FieldRef ID="810dbd02-bbf5-4c67-b1ce-5ad7c5a512b2" Name="_DCDateModified" UpdateChildren="true" />
            <pnp:FieldRef ID="b0d07588-2dd1-49f4-8ba3-63fd14213507" Name="Description1" UpdateChildren="true" />
            <pnp:FieldRef ID="de3c2fcb-d700-422c-8efc-0fad7577ddf9" Name="TTOL_Author" UpdateChildren="true" />
            <pnp:FieldRef ID="e843f32b-8d47-4b1c-8e08-06a0f1115f06" Name="ETOL_COMID" UpdateChildren="true" />
            <pnp:FieldRef ID="1c1f9a06-6318-4485-a393-1a5a8f8ae176" Name="TTOL_Confidentiality" UpdateChildren="true" />
            <pnp:FieldRef ID="6419495d-0a01-4c23-ae99-f64732fb8fbb" Name="TTOL_CreatedBy" UpdateChildren="true" />
            <pnp:FieldRef ID="50fc4f83-4ca2-4dee-8786-4a1316276370" Name="TTOL_DATAID" UpdateChildren="true" />
            <pnp:FieldRef ID="e4a8ee40-77d8-4e61-9e6f-17d05d8675fc" Name="TTOL_External_Other_Reference" UpdateChildren="true" />
            <pnp:FieldRef ID="b2de1557-7428-48c0-bd54-9bc28dc77fb2" Name="TTOL_Internal_Reference" UpdateChildren="true" />
            <pnp:FieldRef ID="eb97df80-b311-4afa-803a-8fe880e31e27" Name="TTOL_ModifiedBy" UpdateChildren="true" />
            <pnp:FieldRef ID="570dc7bf-8fca-43c8-baa5-0240d523ae2c" Name="TTOL_OWNER" UpdateChildren="true" />
            <pnp:FieldRef ID="fd58ec5e-c774-4fa6-81f5-510db6e9b432" Name="TTOL_Owning_Company" UpdateChildren="true" />
            <pnp:FieldRef ID="dd6a301e-ea4a-49ca-9b79-8ebaf4f93fd7" Name="TTOL_Status" UpdateChildren="true" />
            <pnp:FieldRef ID="c251e0fb-4915-4bec-8601-15b0f6e5468d" Name="TTOL_Thales_Group_Sensitivity" UpdateChildren="true" />
            <pnp:FieldRef ID="986f11e7-ad71-40d7-82ec-b014ab09d522" Name="TTOL_Thales_Responsible_Entity" UpdateChildren="true" />
            <pnp:FieldRef ID="633c5920-302f-4d46-963e-dc4bcbb4e282" Name="TTOL_EnterpriseCode" UpdateChildren="true" />
            <pnp:FieldRef ID="a2ba275f-6b03-44c1-a1e8-4889f7d6566c" Name="TTOL_Icd" UpdateChildren="true" />
            <pnp:FieldRef ID="289ffd2e-3468-4ede-8e05-609ef8e9d287" Name="TTOL_Revision" UpdateChildren="true" />
            <pnp:FieldRef ID="abc7de4d-439a-4969-af36-5a1552068f29" Name="TTOL_Radical" UpdateChildren="true" />
            <pnp:FieldRef ID="0fb6b2c2-f28e-404f-b00f-8444b88e89f5" Name="TTOL_Dtc" UpdateChildren="true" />
            <pnp:FieldRef ID="f3b0adf9-c1a2-4b02-920d-943fba4b3611" Name="TaxCatchAll" Hidden="true" UpdateChildren="true" />
            <pnp:FieldRef ID="8f6b6dd8-9357-4019-8172-966fcd502ed2" Name="TaxCatchAllLabel" Hidden="true" UpdateChildren="true" />
          </pnp:FieldRefs>
        </pnp:ContentType>
      </pnp:ContentTypes>
      <pnp:Lists>
        <pnp:ListInstance Title="Documents" Description="" DocumentTemplate="{site}/Documents partages/Forms/template.dotx" OnQuickLaunch="true" TemplateType="101" Url="Documents partages" EnableVersioning="true" MinorVersionLimit="0" MaxVersionLimit="10" DraftVersionVisibility="0" TemplateFeatureID="00bfea71-e717-4e80-aa17-d0c71b360101" EnableAttachments="false" DefaultDisplayFormUrl="{site}/Documents partages/Forms/DispForm.aspx" DefaultEditFormUrl="{site}/Documents partages/Forms/EditForm.aspx" DefaultNewFormUrl="{site}/Documents partages/Forms/Upload.aspx" ImageUrl="/_layouts/15/images/itdl.png?rev=43" IrmExpire="false" IrmReject="false" IsApplicationList="false" ValidationFormula="" ValidationMessage="">
          <pnp:PropertyBagEntries>
            <pnp:PropertyBagEntry Key="client_MOSS_MetadataNavigationSettings" Value="&lt;MetadataNavigationSettings SchemaVersion=&quot;1&quot; IsEnabled=&quot;True&quot; AutoIndex=&quot;True&quot;&gt;&lt;NavigationHierarchies&gt;&lt;FolderHierarchy HideFoldersNode=&quot;False&quot; /&gt;&lt;/NavigationHierarchies&gt;&lt;KeyFilters&gt;&lt;MetadataField FieldID=&quot;1c1f9a06-6318-4485-a393-1a5a8f8ae176&quot; FieldType=&quot;Choice&quot; CachedName=&quot;TTOL_Confidentiality&quot; CachedDisplayName=&quot;TTOL_Confidentiality&quot; /&gt;&lt;MetadataField FieldID=&quot;dd6a301e-ea4a-49ca-9b79-8ebaf4f93fd7&quot; FieldType=&quot;Choice&quot; CachedName=&quot;TTOL_Status&quot; CachedDisplayName=&quot;TTOL_Status&quot; /&gt;&lt;/KeyFilters&gt;&lt;/MetadataNavigationSettings&gt;" Overwrite="false" />
          </pnp:PropertyBagEntries>
          <pnp:ContentTypeBindings>
            <pnp:ContentTypeBinding ContentTypeID="0x0101" Default="true" />
            <pnp:ContentTypeBinding ContentTypeID="0x0120" />
          </pnp:ContentTypeBindings>
          <pnp:Views>
            <View Name="{49F1C57D-AE73-4C52-831D-A69448D4E787}" DefaultView="TRUE" MobileView="TRUE" MobileDefaultView="TRUE" Type="HTML" DisplayName="Tous les documents" Url="{site}/Documents partages/Forms/AllItems.aspx" Level="1" BaseViewID="1" ContentTypeID="0x" ImageUrl="/_layouts/15/images/dlicon.png?rev=43">
              <Query>
                <OrderBy>
                  <FieldRef Name="FileLeafRef" />
                </OrderBy>
              </Query>
              <ViewFields>
                <FieldRef Name="DocIcon" />
                <FieldRef Name="LinkFilename" />
                <FieldRef Name="Modified" />
                <FieldRef Name="Editor" />
                <FieldRef Name="ETOL_COMID" />
                <FieldRef Name="TTOL_Author" />
                <FieldRef Name="TTOL_Confidentiality" />
                <FieldRef Name="TTOL_CreatedBy" />
                <FieldRef Name="TTOL_DATAID" />
                <FieldRef Name="TTOL_External_Other_Reference" />
                <FieldRef Name="TTOL_Internal_Reference" />
                <FieldRef Name="TTOL_ModifiedBy" />
                <FieldRef Name="TTOL_OWNER" />
                <FieldRef Name="TTOL_Owning_Company" />
                <FieldRef Name="TTOL_Status" />
                <FieldRef Name="TTOL_Thales_Group_Sensitivity" />
                <FieldRef Name="TTOL_Thales_Responsible_Entity" />
                <FieldRef Name="_Comments" />
                <FieldRef Name="TTOL_Dtc" />
                <FieldRef Name="TTOL_EnterpriseCode" />
                <FieldRef Name="TTOL_Icd" />
                <FieldRef Name="TTOL_Radical" />
                <FieldRef Name="TTOL_Revision" />
              </ViewFields>
              <RowLimit Paged="TRUE">30</RowLimit>
              <JSLink>clienttemplates.js</JSLink>
            </View>
          </pnp:Views>
          <pnp:FieldRefs>
            <pnp:FieldRef ID="9f8b4ee0-84b7-42c6-a094-5cbde2115eb9" Name="_DCDateCreated" DisplayName="Date de création" />
            <pnp:FieldRef ID="810dbd02-bbf5-4c67-b1ce-5ad7c5a512b2" Name="_DCDateModified" DisplayName="Date de modification" />
            <pnp:FieldRef ID="e843f32b-8d47-4b1c-8e08-06a0f1115f06" Name="ETOL_COMID" DisplayName="TTOL_COMID" />
            <pnp:FieldRef ID="de3c2fcb-d700-422c-8efc-0fad7577ddf9" Name="TTOL_Author" DisplayName="TTOL_Author" />
            <pnp:FieldRef ID="1c1f9a06-6318-4485-a393-1a5a8f8ae176" Name="TTOL_Confidentiality" DisplayName="TTOL_Confidentiality" />
            <pnp:FieldRef ID="6419495d-0a01-4c23-ae99-f64732fb8fbb" Name="TTOL_CreatedBy" DisplayName="TTOL_CreatedBy" />
            <pnp:FieldRef ID="50fc4f83-4ca2-4dee-8786-4a1316276370" Name="TTOL_DATAID" DisplayName="TTOL_DATAID" />
            <pnp:FieldRef ID="e4a8ee40-77d8-4e61-9e6f-17d05d8675fc" Name="TTOL_External_Other_Reference" DisplayName="TTOL_External_Other_Reference" />
            <pnp:FieldRef ID="b2de1557-7428-48c0-bd54-9bc28dc77fb2" Name="TTOL_Internal_Reference" DisplayName="TTOL_Internal_Reference" />
            <pnp:FieldRef ID="eb97df80-b311-4afa-803a-8fe880e31e27" Name="TTOL_ModifiedBy" DisplayName="TTOL_ModifiedBy" />
            <pnp:FieldRef ID="570dc7bf-8fca-43c8-baa5-0240d523ae2c" Name="TTOL_OWNER" DisplayName="TTOL_OWNER" />
            <pnp:FieldRef ID="fd58ec5e-c774-4fa6-81f5-510db6e9b432" Name="TTOL_Owning_Company" DisplayName="TTOL_Owning_Company" />
            <pnp:FieldRef ID="dd6a301e-ea4a-49ca-9b79-8ebaf4f93fd7" Name="TTOL_Status" DisplayName="TTOL_Status" />
            <pnp:FieldRef ID="c251e0fb-4915-4bec-8601-15b0f6e5468d" Name="TTOL_Thales_Group_Sensitivity" DisplayName="TTOL_Thales_Group_Sensitivity" />
            <pnp:FieldRef ID="986f11e7-ad71-40d7-82ec-b014ab09d522" Name="TTOL_Thales_Responsible_Entity" DisplayName="TTOL_Thales_Responsible_Entity" />
            <pnp:FieldRef ID="52578fc3-1f01-4f4d-b016-94ccbcf428cf" Name="_Comments" DisplayName="Commentaires" />
            <pnp:FieldRef ID="633c5920-302f-4d46-963e-dc4bcbb4e282" Name="TTOL_EnterpriseCode" DisplayName="TTOL_EnterpriseCode" />
            <pnp:FieldRef ID="a2ba275f-6b03-44c1-a1e8-4889f7d6566c" Name="TTOL_Icd" DisplayName="TTOL_Icd" />
            <pnp:FieldRef ID="289ffd2e-3468-4ede-8e05-609ef8e9d287" Name="TTOL_Revision" DisplayName="TTOL_Revision" />
            <pnp:FieldRef ID="abc7de4d-439a-4969-af36-5a1552068f29" Name="TTOL_Radical" DisplayName="TTOL_Radical" />
            <pnp:FieldRef ID="0fb6b2c2-f28e-404f-b00f-8444b88e89f5" Name="TTOL_Dtc" DisplayName="TTOL_Dtc" />
            <pnp:FieldRef ID="d307dff3-340f-44a2-9f4b-fbfe1ba07459" Name="_CommentCount" DisplayName="Nombre de commentaires" />
            <pnp:FieldRef ID="db8d9d6d-dc9a-4fbd-85f3-4a753bfdc58c" Name="_LikeCount" DisplayName="Nombre de mentions J’aime" />
          </pnp:FieldRefs>
        </pnp:ListInstance>
        <pnp:ListInstance Title="Identity Card" Description="" DocumentTemplate="" TemplateType="100" Url="Lists/Identity Card" MinorVersionLimit="0" MaxVersionLimit="0" DraftVersionVisibility="0" TemplateFeatureID="00bfea71-de22-43b2-a848-c05709900100" EnableFolderCreation="false" DefaultDisplayFormUrl="{site}/Lists/Identity Card/DispForm.aspx" DefaultEditFormUrl="{site}/Lists/Identity Card/EditForm.aspx" DefaultNewFormUrl="{site}/Lists/Identity Card/NewForm.aspx" ImageUrl="/_layouts/15/images/itgen.png?rev=43" IrmExpire="false" IrmReject="false" IsApplicationList="false" ValidationFormula="" ValidationMessage="">
          <pnp:ContentTypeBindings>
            <pnp:ContentTypeBinding ContentTypeID="0x01" Default="true" />
            <pnp:ContentTypeBinding ContentTypeID="0x0120" />
          </pnp:ContentTypeBindings>
          <pnp:Views>
            <View Name="{9575C50E-CF98-44BA-A11E-64FFA3F1880B}" DefaultView="TRUE" MobileView="TRUE" MobileDefaultView="TRUE" Type="HTML" DisplayName="Tous les éléments" Url="{site}/Lists/Identity Card/AllItems.aspx" Level="1" BaseViewID="1" ContentTypeID="0x" ImageUrl="/_layouts/15/images/generic.png?rev=43">
              <Query>
                <OrderBy>
                  <FieldRef Name="ID" />
                </OrderBy>
              </Query>
              <ViewFields>
                <FieldRef Name="LinkTitle" />
                <FieldRef Name="Value" />
              </ViewFields>
              <RowLimit Paged="TRUE">30</RowLimit>
              <JSLink>clienttemplates.js</JSLink>
            </View>
          </pnp:Views>
          <pnp:Fields>
            <Field AppendOnly="FALSE" DisplayName="Value" IsolateStyles="TRUE" NumLines="6" RichText="TRUE" RichTextMode="FullHtml" Title="Value" Type="Note" ID="{d38510dd-2e14-4d5a-bdba-31a3076ace1e}" SourceID="{{listid:Identity Card}}" StaticName="Value" Name="Value" ColName="ntext2" RowOrdinal="0" />
          </pnp:Fields>
        </pnp:ListInstance>
      </pnp:Lists>
      <pnp:Features>
        <pnp:SiteFeatures>
          <pnp:Feature ID="7a94aa75-b5d2-4c3b-a7f4-19f708968401" />
        </pnp:SiteFeatures>
        <pnp:WebFeatures>
          <pnp:Feature ID="7201d6a4-a5d3-49a1-8c19-19c4bac6e668" />
        </pnp:WebFeatures>
      </pnp:Features>
      <pnp:ClientSidePages>
        <pnp:ClientSidePage PromoteAsNewsArticle="false" PromoteAsTemplate="false" Overwrite="true" Layout="Home" Title="Accueil" ThumbnailUrl="" PageName="Home.aspx">
          <pnp:Header Type="Default" LayoutType="FullWidthImage" ShowTopicHeader="false" ShowPublishDate="false" AuthorByLineId="0" />
          <pnp:Sections>
            <pnp:Section Order="1" Type="TwoColumn">
              <pnp:Controls>
                <pnp:CanvasControl WebPartType="Custom" JsonControlData="{&quot;id&quot;: &quot;8c88f208-6c77-4bdb-86a0-0c47b4316588&quot;, &quot;instanceId&quot;: &quot;f8956e10-0fdb-4f62-9da6-da344b586820&quot;, &quot;title&quot;: &quot;News&quot;, &quot;description&quot;: &quot;Display recent news.&quot;, &quot;dataVersion&quot;: &quot;1.0&quot;, &quot;properties&quot;: {&quot;layoutId&quot;:&quot;FeaturedNews&quot;,&quot;newsDataSourceProp&quot;:1,&quot;dataProviderId&quot;:&quot;viewCounts&quot;,&quot;newsSiteList&quot;:[],&quot;renderItemsSliderValue&quot;:4,&quot;showThumbnails&quot;:true,&quot;showAuthorDates&quot;:true,&quot;showViewCounts&quot;:true,&quot;webId&quot;:&quot;{siteid}&quot;,&quot;siteId&quot;:&quot;{sitecollectionid}&quot;}, &quot;serverProcessedContent&quot;: {&quot;htmlStrings&quot;:{},&quot;searchablePlainTexts&quot;:{&quot;title&quot;:&quot;&quot;},&quot;imageSources&quot;:{},&quot;links&quot;:{&quot;baseUrl&quot;:&quot;https://{fqdn}{site}&quot;},&quot;componentDependencies&quot;:{&quot;layoutComponentId&quot;:&quot;a2752e70-c076-41bf-a42e-1d955b449fbc&quot;}}, &quot;dynamicDataPaths&quot;: {}, &quot;dynamicDataValues&quot;: {}}" ControlId="8c88f208-6c77-4bdb-86a0-0c47b4316588" Order="1" Column="1" />
                <pnp:CanvasControl WebPartType="SiteActivity" JsonControlData="{&quot;id&quot;: &quot;eb95c819-ab8f-4689-bd03-0c2d65d47b1f&quot;, &quot;instanceId&quot;: &quot;7ee16143-e81a-4ed6-8cc5-a359bd364ba5&quot;, &quot;title&quot;: &quot;Site activity&quot;, &quot;description&quot;: &quot;Show recent activities from your site.&quot;, &quot;dataVersion&quot;: &quot;1.0&quot;, &quot;properties&quot;: {&quot;maxItems&quot;:8}, &quot;serverProcessedContent&quot;: {&quot;htmlStrings&quot;:{},&quot;searchablePlainTexts&quot;:{},&quot;imageSources&quot;:{},&quot;links&quot;:{}}, &quot;dynamicDataPaths&quot;: {}, &quot;dynamicDataValues&quot;: {}}" ControlId="eb95c819-ab8f-4689-bd03-0c2d65d47b1f" Order="2" Column="1" />
                <pnp:CanvasControl WebPartType="List" JsonControlData="{&quot;id&quot;: &quot;f92bf067-bc19-489e-a556-7fe95f508720&quot;, &quot;instanceId&quot;: &quot;4ec74b63-daca-4f2d-947f-dcdf5cf05d01&quot;, &quot;title&quot;: &quot;List&quot;, &quot;description&quot;: &quot;Add a list&quot;, &quot;dataVersion&quot;: &quot;1.0&quot;, &quot;properties&quot;: {&quot;isDocumentLibrary&quot;:false,&quot;selectedListId&quot;:&quot;{listid:Identity Card}&quot;,&quot;listTitle&quot;:&quot;Identity Card&quot;,&quot;selectedListUrl&quot;:&quot;{site}/Lists/Identity Card&quot;,&quot;webRelativeListUrl&quot;:&quot;/Lists/Identity Card&quot;,&quot;webpartHeightKey&quot;:4}, &quot;serverProcessedContent&quot;: {&quot;htmlStrings&quot;:{},&quot;searchablePlainTexts&quot;:{},&quot;imageSources&quot;:{},&quot;links&quot;:{}}, &quot;dynamicDataPaths&quot;: {}, &quot;dynamicDataValues&quot;: {}}" ControlId="f92bf067-bc19-489e-a556-7fe95f508720" Order="1" Column="2" />
                <pnp:CanvasControl WebPartType="List" JsonControlData="{&quot;id&quot;: &quot;f92bf067-bc19-489e-a556-7fe95f508720&quot;, &quot;instanceId&quot;: &quot;ed1ec249-0dfa-46b1-ba6e-0b8255478c16&quot;, &quot;title&quot;: &quot;Document library&quot;, &quot;description&quot;: &quot;Add a document library&quot;, &quot;dataVersion&quot;: &quot;1.0&quot;, &quot;properties&quot;: {&quot;isDocumentLibrary&quot;:true,&quot;selectedListId&quot;:&quot;{listid:Documents}&quot;,&quot;listTitle&quot;:&quot;Documents&quot;,&quot;selectedListUrl&quot;:&quot;{site}/Documents partages&quot;,&quot;webRelativeListUrl&quot;:&quot;/Documents partages&quot;,&quot;webpartHeightKey&quot;:4}, &quot;serverProcessedContent&quot;: {&quot;htmlStrings&quot;:{},&quot;searchablePlainTexts&quot;:{},&quot;imageSources&quot;:{},&quot;links&quot;:{}}, &quot;dynamicDataPaths&quot;: {}, &quot;dynamicDataValues&quot;: {}}" ControlId="f92bf067-bc19-489e-a556-7fe95f508720" Order="2" Column="2" />
              </pnp:Controls>
            </pnp:Section>
          </pnp:Sections>
        </pnp:ClientSidePage>
      </pnp:ClientSidePages>
    </pnp:ProvisioningTemplate>
  </pnp:Templates>
</pnp:Provisioning>