﻿{
	"CommunityID" : "665670",
	"SourceFileURL" : "D:\\DATA\\all_extracted\\export_LYNNE DRUMMOND\\communityToImport\\665670_extracted\\-665670\\665674\\807087\\806336\\827838\\827482\\1595460_debug",
	"TargetFolderURL" : "/sites/665670/Shared Documents/Library/MM3A Shared Documents/079 Systems Engineering/Team Reports/Configuration Management/",
    "SourceFileURLHashtable" : "665674\\807087\\806336\\827838\\827482",
	"TargetFolderURLHashtable" : "Library/MM3A Shared Documents/079 Systems Engineering/Team Reports/Configuration Management",
    "NormalizedFileName":""
}

