﻿{
    "bim" : [   
                          
        { 
        "CommunityID" : "718886",
        "SourceFileURL" : "D:\\DATA\\all_extracted\\export_BIG_Schneider\\718886_extracted\\-718886\\718890\\801693\\debug\\8480953\\8582880\\8585531\\8585133\\8640543\\8639667\\8640105\\8638896",
        "TargetFolderURL" : "/sites/718886/Shared Documents/Upload Issue Document",
        "NormalizedFileName": ""
        }, 
        { 
        "CommunityID" : "718886",
        "SourceFileURL" : "D:\\DATA\\all_extracted\\export_BIG_Schneider\\718886_extracted\\-718886\\718890\\801693\\debug\\8480953\\8582880\\8585531\\8637581\\8585244\\8585592\\8586331\\8586046\\8585947",
        "TargetFolderURL" : "/sites/718886/Shared Documents/Upload Issue Document",
        "NormalizedFileName": ""
        }, 
{ 
        "CommunityID" : "718886",
        "SourceFileURL" : "D:\\DATA\\all_extracted\\export_BIG_Schneider\\718886_extracted\\-718886\\718890\\801693\\debug\\8480953\\8582880\\8585531\\8637581\\8585244\\8585592\\8586331\\8829732\\8831168",
        "TargetFolderURL" : "/sites/718886/Shared Documents/Upload Issue Document",
        "NormalizedFileName": ""
        }, 
{ 
        "CommunityID" : "718886",
        "SourceFileURL" : "D:\\DATA\\all_extracted\\export_BIG_Schneider\\718886_extracted\\-718886\\718890\\801693\\debug\\8480953\\8582880\\8585531\\8637581\\8585244\\8586249\\8586755\\8586164\\8585773",
        "TargetFolderURL" : "/sites/718886/Shared Documents/Upload Issue Document",
        "NormalizedFileName": ""
        }, 
{ 
        "CommunityID" : "718886",
        "SourceFileURL" : "D:\\DATA\\all_extracted\\export_BIG_Schneider\\718886_extracted\\-718886\\718890\\801693\\debug\\8480953\\8582880\\8585531\\8637581\\8585244\\8586249\\8586755\\8586448\\8586449",
        "TargetFolderURL" : "/sites/718886/Shared Documents/Upload Issue Document",
        "NormalizedFileName": ""
        }, 
{ 
        "CommunityID" : "718886",
        "SourceFileURL" : "D:\\DATA\\all_extracted\\export_BIG_Schneider\\718886_extracted\\-718886\\718890\\801693\\debug\\8480953\\8582880\\8585531\\8637581\\8585244\\8586985\\8585964\\8589270\\8590478",
        "TargetFolderURL" : "/sites/718886/Shared Documents/Upload Issue Document",
        "NormalizedFileName": ""
        }, 
{ 
        "CommunityID" : "718886",
        "SourceFileURL" : "D:\\DATA\\all_extracted\\export_BIG_Schneider\\718886_extracted\\-718886\\718890\\801693\\debug\\8480953\\8582880\\8585531\\8637581\\8585244\\8586985\\8585964\\8589271\\8590604",
        "TargetFolderURL" : "/sites/718886/Shared Documents/Upload Issue Document",
        "NormalizedFileName": ""
        }, 
{ 
        "CommunityID" : "718886",
        "SourceFileURL" : "D:\\DATA\\all_extracted\\export_BIG_Schneider\\718886_extracted\\-718886\\718890\\801693\\debug\\8480953\\8582880\\8585531\\8637581\\8585244\\8586985\\8586892\\8590592\\8589300",
        "TargetFolderURL" : "/sites/718886/Shared Documents/Upload Issue Document",
        "NormalizedFileName": ""
        }, 
{ 
        "CommunityID" : "718886",
        "SourceFileURL" : "D:\\DATA\\all_extracted\\export_BIG_Schneider\\718886_extracted\\-718886\\718890\\801693\\debug\\8480953\\8582880\\8585531\\8637581\\8585244\\8586985\\8586892\\8590593\\8590489",
        "TargetFolderURL" : "/sites/718886/Shared Documents/Upload Issue Document",
        "NormalizedFileName": ""
        }, 
{ 
        "CommunityID" : "718886",
        "SourceFileURL" : "D:\\DATA\\all_extracted\\export_BIG_Schneider\\718886_extracted\\-718886\\718890\\801693\\debug\\8480953\\8582880\\8585531\\8637581\\8585244\\8586985\\8586892\\8590695\\8590060",
        "TargetFolderURL" : "/sites/718886/Shared Documents/Upload Issue Document",
        "NormalizedFileName": ""
        }, 
{ 
        "CommunityID" : "718886",
        "SourceFileURL" : "D:\\DATA\\all_extracted\\export_BIG_Schneider\\718886_extracted\\-718886\\718890\\801693\\debug\\8480953\\8582880\\8585531\\8637581\\8585244\\8589308\\8589501\\8590505\\8589312",
        "TargetFolderURL" : "/sites/718886/Shared Documents/Upload Issue Document",
        "NormalizedFileName": ""
        }, 
{ 
        "CommunityID" : "718886",
        "SourceFileURL" : "D:\\DATA\\all_extracted\\export_BIG_Schneider\\718886_extracted\\-718886\\718890\\801693\\debug\\8480953\\8582880\\8585531\\8637581\\8585244\\8589308\\8589735\\8589309\\8590288",
        "TargetFolderURL" : "/sites/718886/Shared Documents/Upload Issue Document",
        "NormalizedFileName": ""
        }, 
{ 
        "CommunityID" : "718886",
        "SourceFileURL" : "D:\\DATA\\all_extracted\\export_BIG_Schneider\\718886_extracted\\-718886\\718890\\801693\\debug\\8480953\\8582880\\8585531\\8637581\\8585244\\8590163\\8589303\\8590616\\8590499",
        "TargetFolderURL" : "/sites/718886/Shared Documents/Upload Issue Document",
        "NormalizedFileName": ""
        }, 
{ 
        "CommunityID" : "718886",
        "SourceFileURL" : "D:\\DATA\\all_extracted\\export_BIG_Schneider\\718886_extracted\\-718886\\718890\\801693\\debug\\8480953\\8582880\\8585531\\8637581\\8585244\\8590163\\8589303\\8590616\\8589350\\8589213",
        "TargetFolderURL" : "/sites/718886/Shared Documents/Upload Issue Document",
        "NormalizedFileName": ""
        }, 
{ 
        "CommunityID" : "718886",
        "SourceFileURL" : "D:\\DATA\\all_extracted\\export_BIG_Schneider\\718886_extracted\\-718886\\718890\\801693\\debug\\8480953\\8582880\\8585531\\8637581\\8585244\\8590163\\8589303\\8590616\\8589350\\8589651",
        "TargetFolderURL" : "/sites/718886/Shared Documents/Upload Issue Document",
        "NormalizedFileName": ""
        }, 
{ 
        "CommunityID" : "718886",
        "SourceFileURL" : "D:\\DATA\\all_extracted\\export_BIG_Schneider\\718886_extracted\\-718886\\718890\\801693\\debug\\8480953\\8582880\\8585531\\8637581\\8585244\\8590163\\8589725\\8589741\\8589730",
        "TargetFolderURL" : "/sites/718886/Shared Documents/Upload Issue Document",
        "NormalizedFileName": ""
        }, 
        { 
        "CommunityID" : "718886",
        "SourceFileURL" : "D:\\DATA\\all_extracted\\export_BIG_Schneider\\718886_extracted\\-718886\\718890\\801693\\debug\\8480953\\8582880\\8585531\\8637581\\8585244\\8590163\\8590165\\8590065\\8589448\\8589217",
        "TargetFolderURL" : "/sites/718886/Shared Documents/Upload Issue Document",
        "NormalizedFileName": ""
        }, 
        { 
        "CommunityID" : "718886",
        "SourceFileURL" : "D:\\DATA\\all_extracted\\export_BIG_Schneider\\718886_extracted\\-718886\\718890\\801693\\debug\\8480953\\8582880\\8585531\\8637581\\8585244\\8590163\\8590165\\8590065\\8589448\\8589449",
        "TargetFolderURL" : "/sites/718886/Shared Documents/Upload Issue Document",
        "NormalizedFileName": ""
        }, 
        { 
        "CommunityID" : "718886",
        "SourceFileURL" : "D:\\DATA\\all_extracted\\export_BIG_Schneider\\718886_extracted\\-718886\\718890\\801693\\debug\\8480953\\8582880\\8585531\\8637581\\8636924\\8636478\\8637470\\8637695\\8636596",
        "TargetFolderURL" : "/sites/718886/Shared Documents/Upload Issue Document",
        "NormalizedFileName": ""
        }, 
        { 
        "CommunityID" : "718886",
        "SourceFileURL" : "D:\\DATA\\all_extracted\\export_BIG_Schneider\\718886_extracted\\-718886\\718890\\801693\\debug\\8480953\\8582880\\8585531\\8637581\\8636924\\8636478\\8637470\\8637695\\8637471",
        "TargetFolderURL" : "/sites/718886/Shared Documents/Upload Issue Document",
        "NormalizedFileName": ""
        }, 
        { 
        "CommunityID" : "718886",
        "SourceFileURL" : "D:\\DATA\\all_extracted\\export_BIG_Schneider\\718886_extracted\\-718886\\718890\\801693\\debug\\8480953\\8582880\\8585531\\8637581\\8636924\\8636478\\8637470\\8637695\\8637696",
        "TargetFolderURL" : "/sites/718886/Shared Documents/Upload Issue Document",
        "NormalizedFileName": ""
        }, 
        { 
        "CommunityID" : "718886",
        "SourceFileURL" : "D:\\DATA\\all_extracted\\export_BIG_Schneider\\718886_extracted\\-718886\\718890\\801693\\debug\\8480953\\8582880\\8585531\\8637581\\8636924\\8636478\\8637797\\8637144\\8636148",
        "TargetFolderURL" : "/sites/718886/Shared Documents/Upload Issue Document",
        "NormalizedFileName": ""
        }, 
        { 
        "CommunityID" : "718886",
        "SourceFileURL" : "D:\\DATA\\all_extracted\\export_BIG_Schneider\\718886_extracted\\-718886\\718890\\801693\\debug\\8480953\\8582880\\8585531\\8637581\\8636924\\8636478\\8637797\\8637144\\8636809",
        "TargetFolderURL" : "/sites/718886/Shared Documents/Upload Issue Document",
        "NormalizedFileName": ""
        }, 
        { 
        "CommunityID" : "718886",
        "SourceFileURL" : "D:\\DATA\\all_extracted\\export_BIG_Schneider\\718886_extracted\\-718886\\718890\\801693\\debug\\8290240\\8289778\\8289583\\8288803\\8288804\\8301519\\8346767\\8348228",
        "TargetFolderURL" : "/sites/718886/Shared Documents/Library/Shared Documents/Test_and_Commissioning_(Jakob)/04_Site_Activities/04_CSI_Trial_Run/01_EDLn/01_Log_Files/06_CSI_44/Night 30-31",
        "NormalizedFileName": ""
        }, 
        {
        "CommunityID" : "718886",
        "SourceFileURL" : "D:\\DATA\\all_extracted\\export_BIG_Schneider\\718886_extracted\\-718886\\718890\\801693\\debug\\8290240\\8289778\\8289583\\8288803\\8288804\\9531959\\9532174\\9533265",
        "TargetFolderURL" : "/sites/718886/Shared Documents/Library/Shared Documents/Test_and_Commissioning_(Jakob)/04_Site_Activities/04_CSI_Trial_Run/01_EDLn/01_Log_Files/Trail run week 24/Aramis-C",
        "NormalizedFileName": ""
        }, 
        {
        "CommunityID" : "718886",
        "SourceFileURL" : "D:\\DATA\\all_extracted\\export_BIG_Schneider\\718886_extracted\\-718886\\718890\\801693\\debug\\8290240\\8289778\\8290132\\8288802\\10935588\\10935291\\10934252\\10935119\\10934448",
        "TargetFolderURL" : "/sites/718886/Shared Documents/Library/Shared Documents/Test_and_Commissioning_(Jakob)/04_Site_Activities/03_SAT/03_RO8/SAT week 11 2019/Logfiles/RBC ans JRU (train) log files/1. Night",
        "NormalizedFileName": ""
        }, 
        {
        "CommunityID" : "718886",
        "SourceFileURL" : "D:\\DATA\\all_extracted\\export_BIG_Schneider\\718886_extracted\\-718886\\718890\\801693\\debug\\8480953\\8582880\\8585531\\8637581\\8585244\\8585592\\8586331\\8585835\\8585940",
        "TargetFolderURL" : "/sites/718886/Shared Documents/Upload Issue Document",
        "NormalizedFileName": ""
        }, 
        {
        "CommunityID" : "718886",
        "SourceFileURL" : "D:\\DATA\\all_extracted\\export_BIG_Schneider\\718886_extracted\\-718886\\718890\\801693\\debug\\8480953\\8582880\\8585531\\8637581\\8585244\\8585592\\8586331\\8586046\\8585836",
        "TargetFolderURL" : "/sites/718886/Shared Documents/Upload Issue Document",
        "NormalizedFileName": ""
        }, 
        {
        "CommunityID" : "718886",
        "SourceFileURL" : "D:\\DATA\\all_extracted\\export_BIG_Schneider\\718886_extracted\\-718886\\718890\\801693\\debug\\8480953\\8582880\\8585531\\8637581\\8585244\\8585592\\8586331\\8829732\\8828840",
        "TargetFolderURL" : "/sites/718886/Shared Documents/Upload Issue Document",
        "NormalizedFileName": ""
        }, 
        {
        "CommunityID" : "718886",
        "SourceFileURL" : "D:\\DATA\\all_extracted\\export_BIG_Schneider\\718886_extracted\\-718886\\718890\\801693\\debug\\8480953\\8582880\\8585531\\8637581\\8585244\\8586249\\8586755\\8586164\\8587088",
        "TargetFolderURL" : "/sites/718886/Shared Documents/Upload Issue Document",
        "NormalizedFileName": ""
        }, 
        {
        "CommunityID" : "718886",
        "SourceFileURL" : "D:\\DATA\\all_extracted\\export_BIG_Schneider\\718886_extracted\\-718886\\718890\\801693\\debug\\8480953\\8582880\\8585531\\8637581\\8585244\\8586249\\8586755\\8586448\\8585863",
        "TargetFolderURL" : "/sites/718886/Shared Documents/Upload Issue Document",
        "NormalizedFileName": ""
        }, 
        {
        "CommunityID" : "718886",
        "SourceFileURL" : "D:\\DATA\\all_extracted\\export_BIG_Schneider\\718886_extracted\\-718886\\718890\\801693\\debug\\8480953\\8582880\\8585531\\8637581\\8585244\\8586985\\8586892\\8590592\\8590270",
        "TargetFolderURL" : "/sites/718886/Shared Documents/Upload Issue Document",
        "NormalizedFileName": ""
        }, 
        {
        "CommunityID" : "718886",
        "SourceFileURL" : "D:\\DATA\\all_extracted\\export_BIG_Schneider\\718886_extracted\\-718886\\718890\\801693\\debug\\8480953\\8582880\\8585531\\8637581\\8585244\\8586985\\8586892\\8590593\\8590266",
        "TargetFolderURL" : "/sites/718886/Shared Documents/Upload Issue Document",
        "NormalizedFileName": ""
        }


    ]
    
}
